--
-- PostgreSQL database dump
--

-- Dumped from database version 15.13 (Debian 15.13-1.pgdg120+1)
-- Dumped by pg_dump version 15.13 (Debian 15.13-1.pgdg120+1)

SET statement_timeout = 0;
SET lock_timeout = 0;
SET idle_in_transaction_session_timeout = 0;
SET client_encoding = 'UTF8';
SET standard_conforming_strings = on;
SELECT pg_catalog.set_config('search_path', '', false);
SET check_function_bodies = false;
SET xmloption = content;
SET client_min_messages = warning;
SET row_security = off;

SET default_tablespace = '';

SET default_table_access_method = heap;

--
-- Name: categories; Type: TABLE; Schema: public; Owner: postgres
--

CREATE TABLE public.categories (
    id integer NOT NULL,
    name text NOT NULL
);


ALTER TABLE public.categories OWNER TO postgres;

--
-- Name: categories_id_seq; Type: SEQUENCE; Schema: public; Owner: postgres
--

CREATE SEQUENCE public.categories_id_seq
    AS integer
    START WITH 1
    INCREMENT BY 1
    NO MINVALUE
    NO MAXVALUE
    CACHE 1;


ALTER TABLE public.categories_id_seq OWNER TO postgres;

--
-- Name: categories_id_seq; Type: SEQUENCE OWNED BY; Schema: public; Owner: postgres
--

ALTER SEQUENCE public.categories_id_seq OWNED BY public.categories.id;


--
-- Name: subcategories; Type: TABLE; Schema: public; Owner: postgres
--

CREATE TABLE public.subcategories (
    id integer NOT NULL,
    category_id integer,
    name text NOT NULL
);


ALTER TABLE public.subcategories OWNER TO postgres;

--
-- Name: subcategories_id_seq; Type: SEQUENCE; Schema: public; Owner: postgres
--

CREATE SEQUENCE public.subcategories_id_seq
    AS integer
    START WITH 1
    INCREMENT BY 1
    NO MINVALUE
    NO MAXVALUE
    CACHE 1;


ALTER TABLE public.subcategories_id_seq OWNER TO postgres;

--
-- Name: subcategories_id_seq; Type: SEQUENCE OWNED BY; Schema: public; Owner: postgres
--

ALTER SEQUENCE public.subcategories_id_seq OWNED BY public.subcategories.id;


--
-- Name: tracking; Type: TABLE; Schema: public; Owner: postgres
--

CREATE TABLE public.tracking (
    id integer NOT NULL,
    user_id text,
    category_id integer,
    subcategory_id integer,
    start_time timestamp without time zone NOT NULL,
    end_time timestamp without time zone,
    active boolean DEFAULT true,
    scanner_id text
);


ALTER TABLE public.tracking OWNER TO postgres;

--
-- Name: tracking_archive; Type: TABLE; Schema: public; Owner: postgres
--

CREATE TABLE public.tracking_archive (
    id integer,
    user_id text,
    category_id integer,
    subcategory_id integer,
    start_time timestamp without time zone,
    end_time timestamp without time zone,
    active boolean
);


ALTER TABLE public.tracking_archive OWNER TO postgres;

--
-- Name: tracking_id_seq; Type: SEQUENCE; Schema: public; Owner: postgres
--

CREATE SEQUENCE public.tracking_id_seq
    AS integer
    START WITH 1
    INCREMENT BY 1
    NO MINVALUE
    NO MAXVALUE
    CACHE 1;


ALTER TABLE public.tracking_id_seq OWNER TO postgres;

--
-- Name: tracking_id_seq; Type: SEQUENCE OWNED BY; Schema: public; Owner: postgres
--

ALTER SEQUENCE public.tracking_id_seq OWNED BY public.tracking.id;


--
-- Name: users; Type: TABLE; Schema: public; Owner: postgres
--

CREATE TABLE public.users (
    id text NOT NULL,
    name text NOT NULL,
    surname text NOT NULL
);


ALTER TABLE public.users OWNER TO postgres;

--
-- Name: categories id; Type: DEFAULT; Schema: public; Owner: postgres
--

ALTER TABLE ONLY public.categories ALTER COLUMN id SET DEFAULT nextval('public.categories_id_seq'::regclass);


--
-- Name: subcategories id; Type: DEFAULT; Schema: public; Owner: postgres
--

ALTER TABLE ONLY public.subcategories ALTER COLUMN id SET DEFAULT nextval('public.subcategories_id_seq'::regclass);


--
-- Name: tracking id; Type: DEFAULT; Schema: public; Owner: postgres
--

ALTER TABLE ONLY public.tracking ALTER COLUMN id SET DEFAULT nextval('public.tracking_id_seq'::regclass);


--
-- Data for Name: categories; Type: TABLE DATA; Schema: public; Owner: postgres
--

COPY public.categories (id, name) FROM stdin;
1	PRZYJĘCIE DOSTAWY
2	KOMPLETACJA
3	PAKOWANIE
4	ZWROTY
5	JAKOŚĆ
6	CZYNNOŚCI DODATKOWE
7	SPECJALIŚCI
8	PRZERWA
9	AWARIA
10	INWENTARYZACJA
11	MAGAZYN DODATKI
\.


--
-- Data for Name: subcategories; Type: TABLE DATA; Schema: public; Owner: postgres
--

COPY public.subcategories (id, category_id, name) FROM stdin;
1	1	WISZĄCE
2	1	KOSZULE
3	1	KARTON
4	1	BUTY
5	2	GRUPÓWKA
6	2	JEDNORAZY
7	2	002
8	2	030
9	2	ZAGRANICA
10	3	PAKOWANIE WWW
11	4	ZWROTY002
12	4	ZWROTY ZAGRANICA
13	4	ZWROTY WWW
14	4	TARGI/EVENTY/SESJE
15	5	KONTROLA JAKOŚCI
16	5	KONTROLA ZAGRANICA
17	5	CZYSZCZENIE LOKACJI
18	5	DEFEKTY
19	5	PRZEMIESZCZENIA
20	6	PRZEKLEJANIE CEN
21	6	WYWIESZANIE NA WIESZAKI
22	6	POMOC BIURO
23	6	PORZĄDKI
24	6	TARGI/ EVENTY
25	6	TRANSPORT
26	6	INNE
27	6	SPOTKNIA/ ZEBRANIA
28	6	LICZENIE DOSTAWY
29	6	ROZŁADUNEK AUTA
30	6	KONTROLA ZAGRANICA
31	6	TRENER
32	7	SPECJALIŚCI
33	8	PRZERWA
34	9	AWARIA
35	10	WISZĄCE
36	10	SKRZYNKI
37	10	KARTON
38	10	AUDYT
39	11	PRZYJĘCIE TOWARU
40	11	KOMPLETACJA
41	11	ZAŁADUNEK
42	11	INWENTARYZACJA
43	11	PORZĄDKI
\.


--
-- Data for Name: tracking; Type: TABLE DATA; Schema: public; Owner: postgres
--

COPY public.tracking (id, user_id, category_id, subcategory_id, start_time, end_time, active, scanner_id) FROM stdin;
1723	DZIMON	2	5	2025-11-07 08:13:23.272716	2025-11-07 08:23:38.338441	f	DZIMON
1719	SSTELMASZCZYK	2	5	2025-11-07 08:03:43.830873	2025-11-07 08:39:57.872344	f	SSTELMASZCZYK
1721	JKLUKOWSKI	2	5	2025-11-07 08:04:25.325529	2025-11-07 09:11:44.254254	f	KDRZAZGA
1725	SSTELMASZCZYK	3	10	2025-11-07 08:39:57.872344	2025-11-07 09:25:10.774079	f	SSTELMASZCZYK
1726	JKLUKOWSKI	3	10	2025-11-07 09:11:44.254254	2025-11-07 09:25:51.002695	f	KDRZAZGA
1718	ANOWICKA	2	5	2025-11-07 08:02:53.360332	2025-11-07 09:44:16.468318	f	MAGAZYNIER13
1729	ANOWICKA	3	10	2025-11-07 09:44:16.468318	2025-11-07 10:34:55.692627	f	MAGAZYNIER13
1731	ANOWICKA	2	6	2025-11-07 10:34:55.692627	2025-11-07 11:03:41.345692	f	MAGAZYNIER13
1727	SSTELMASZCZYK	2	5	2025-11-07 09:25:10.774079	2025-11-07 11:58:42.705336	f	SSTELMASZCZYK
1733	SSTELMASZCZYK	8	33	2025-11-07 11:58:42.705336	2025-11-07 12:20:39.12363	f	SSTELMASZCZYK
1722	KZIECIK	4	13	2025-11-07 08:10:07.116827	2025-11-07 12:35:11.180971	f	NPABIAN
1728	JKLUKOWSKI	2	5	2025-11-07 09:25:51.002695	2025-11-07 12:48:08.110987	f	KDRZAZGA
1736	KZIECIK	8	33	2025-11-07 12:35:11.180971	2025-11-07 12:52:17.623105	f	NPABIAN
1732	ANOWICKA	3	10	2025-11-07 11:03:41.345692	2025-11-07 13:01:45.731024	f	MAGAZYNIER13
1714	ABANDOS	4	11	2025-11-07 07:59:34.591149	2025-11-07 13:07:30.149928	f	ABANDOS
1711	MBAROCHA	2	7	2025-11-07 07:57:54.917921	2025-11-07 13:07:45.848069	f	DZDYP
1737	JKLUKOWSKI	3	10	2025-11-07 12:48:08.110987	2025-11-07 13:13:09.014917	f	KDRZAZGA
1715	JMOTYLSKA	4	13	2025-11-07 08:00:10.959817	2025-11-07 13:20:03.880532	f	MAGAZYNIER20
1741	MBAROCHA	8	33	2025-11-07 13:07:45.848069	2025-11-07 13:24:52.251272	f	DZDYP
1740	ABANDOS	8	33	2025-11-07 13:07:30.149928	2025-11-07 13:28:40.231345	f	ABANDOS
1713	MBRZOZOWSKI	7	32	2025-11-07 07:58:58.87536	2025-11-07 13:34:49.933191	f	MBRZOZOWSKI
1743	JMOTYLSKA	8	33	2025-11-07 13:20:03.880532	2025-11-07 13:41:37.026701	f	MAGAZYNIER20
1746	MBRZOZOWSKI	8	33	2025-11-07 13:34:49.933191	2025-11-07 13:46:18.466261	f	MBRZOZOWSKI
1739	ANOWICKA	2	7	2025-11-07 13:01:45.731024	2025-11-07 14:26:37.567059	f	MAGAZYNIER13
1738	KZIECIK	2	7	2025-11-07 12:52:17.623105	2025-11-07 14:29:59.056028	f	NPABIAN
1742	JKLUKOWSKI	2	5	2025-11-07 13:13:09.014917	2025-11-07 14:35:09.301815	f	KDRZAZGA
1749	ANOWICKA	2	6	2025-11-07 14:26:37.567059	2025-11-07 14:53:04.285144	f	MAGAZYNIER13
1744	MBAROCHA	2	7	2025-11-07 13:24:52.251272	2025-11-07 14:55:28.191543	f	MBAROCHA
1751	JKLUKOWSKI	3	10	2025-11-07 14:35:09.301815	2025-11-07 15:08:40.817013	f	KDRZAZGA
1752	ANOWICKA	3	10	2025-11-07 14:53:04.285144	2025-11-07 15:11:41.613342	f	MAGAZYNIER13
1745	ABANDOS	4	11	2025-11-07 13:28:40.231345	2025-11-07 15:38:05.714372	f	ABANDOS
1750	KZIECIK	4	13	2025-11-07 14:29:59.056028	2025-11-07 15:48:50.00873	f	NPABIAN
1747	JMOTYLSKA	4	13	2025-11-07 13:41:37.026701	2025-11-07 15:49:48.318383	f	MAGAZYNIER20
1753	MBAROCHA	4	11	2025-11-07 14:55:28.191543	2025-11-07 15:55:59.099997	f	MBAROCHA
1712	AKIELBIK	2	5	2025-11-07 07:58:17.994006	2025-11-07 15:56:32.561273	f	DKARPINSKI
1755	ANOWICKA	4	13	2025-11-07 15:11:41.613342	2025-11-07 15:56:55.112581	f	MAGAZYNIER13
1748	MBRZOZOWSKI	7	32	2025-11-07 13:46:18.466261	2025-11-07 15:57:04.023767	f	MBRZOZOWSKI
1754	JKLUKOWSKI	2	5	2025-11-07 15:08:40.817013	2025-11-07 15:57:14.246115	f	KDRZAZGA
1735	SSTELMASZCZYK	2	7	2025-11-07 12:20:39.12363	2025-11-07 15:57:45.385271	f	SSTELMASZCZYK
1720	LFRANCZAK	7	32	2025-11-07 08:03:57.781373	2025-11-07 15:57:52.999357	f	LFRANCZAK
1710	KWOZNIAK	7	32	2025-11-07 07:57:01.281698	2025-11-07 15:59:55.400312	f	KWOZNIAK
1758	JMOTYLSKA	6	23	2025-11-07 15:49:48.318383	2025-11-07 16:00:17.262983	f	MAGAZYNIER20
1724	DZIMON	2	7	2025-11-07 08:23:38.338441	2025-11-07 16:01:15.612741	f	DZIMON
1757	KZIECIK	6	23	2025-11-07 15:48:50.00873	2025-11-09 07:02:25.224493	f	NPABIAN
1760	DZIMON	2	5	2025-11-09 07:00:48.247778	2025-11-09 07:11:21.1048	f	DZIMON
1762	KZIECIK	4	13	2025-11-09 07:02:47.515417	2025-11-09 08:27:41.588616	f	NZIECIK
1763	ANOWICKA	4	13	2025-11-09 07:08:00.232144	2025-11-09 08:39:22.196722	f	MAGAZYNIER13
1766	JMOTYLSKA	5	18	2025-11-09 07:38:01.644795	2025-11-09 08:50:57.676562	f	MAGAZYNIER20
1764	DZIMON	2	7	2025-11-09 07:11:21.1048	2025-11-09 09:10:11.540364	f	DZIMON
1761	MDYLEWSKI	2	7	2025-11-09 07:01:03.00775	2025-11-09 09:26:27.504862	f	MDYLEWSKI
1771	MDYLEWSKI	2	5	2025-11-09 09:26:27.504862	2025-11-09 10:24:16.194277	f	MDYLEWSKI
1770	DZIMON	2	5	2025-11-09 09:10:11.540364	2025-11-09 10:25:46.512166	f	DZIMON
1768	ANOWICKA	2	5	2025-11-09 08:39:22.196722	2025-11-09 10:47:20.975717	f	MAGAZYNIER13
1769	JMOTYLSKA	2	5	2025-11-09 08:50:57.676562	2025-11-09 10:52:18.812531	f	MAGAZYNIER20
1775	JMOTYLSKA	3	10	2025-11-09 10:52:18.812531	2025-11-09 11:02:55.928331	f	MAGAZYNIER20
1767	KZIECIK	2	5	2025-11-09 08:27:41.588616	2025-11-09 11:02:56.063613	f	NZIECIK
1776	JMOTYLSKA	8	33	2025-11-09 11:02:55.928331	2025-11-09 11:27:51.357066	f	MAGAZYNIER20
1777	KZIECIK	3	10	2025-11-09 11:02:56.063613	2025-11-09 12:55:47.196871	f	NZIECIK
1778	JMOTYLSKA	3	10	2025-11-09 11:27:51.357066	2025-11-09 13:14:56.879607	f	MAGAZYNIER20
1779	KZIECIK	8	33	2025-11-09 12:55:47.196871	2025-11-09 13:15:01.978324	f	NZIECIK
1772	MDYLEWSKI	3	10	2025-11-09 10:24:16.194277	2025-11-09 13:42:46.490095	f	MDYLEWSKI
1780	JMOTYLSKA	4	13	2025-11-09 13:14:56.879607	2025-11-09 13:48:32.937015	f	MAGAZYNIER20
1774	ANOWICKA	3	10	2025-11-09 10:47:20.975717	2025-11-09 13:52:32.582627	f	MAGAZYNIER13
1781	KZIECIK	3	10	2025-11-09 13:15:01.978324	2025-11-09 13:52:47.287604	f	NZIECIK
1782	MDYLEWSKI	6	23	2025-11-09 13:42:46.490095	2025-11-09 13:54:27.288125	f	MDYLEWSKI
1783	JMOTYLSKA	2	7	2025-11-09 13:48:32.937015	2025-11-09 14:40:57.944082	f	MAGAZYNIER20
1765	KWOZNIAK	7	32	2025-11-09 07:37:34.313473	2025-11-09 14:50:16.948368	f	KWOZNIAK
1785	KZIECIK	2	7	2025-11-09 13:52:47.287604	2025-11-09 14:55:05.956251	f	NZIECIK
1784	ANOWICKA	2	7	2025-11-09 13:52:32.582627	2025-11-09 14:55:10.592018	f	MAGAZYNIER13
1759	MBAROCHA	2	7	2025-11-09 07:00:30.534792	2025-11-09 14:55:35.19113	f	MBAROCHA
1773	DZIMON	2	7	2025-11-09 10:25:46.512166	2025-11-09 14:57:45.904853	f	DZIMON
1786	JMOTYLSKA	6	23	2025-11-09 14:40:57.944082	2025-11-09 14:58:21.846701	f	MAGAZYNIER20
1756	ABANDOS	6	23	2025-11-07 15:38:05.714372	2025-11-10 07:48:19.285762	f	ABANDOS
1716	MSTAWIANY	6	23	2025-11-07 08:01:45.996045	2025-11-10 07:49:30.87591	f	MSTAWIANY
1798	MMARTYNENKO	2	5	2025-11-10 08:04:46.457811	2025-11-10 08:05:07.857858	f	MMARTYNENKO
1791	MBAROCHA	2	7	2025-11-10 07:58:16.574833	2025-11-10 08:30:31.388555	f	MBAROCHA
1794	JMOTYLSKA	2	5	2025-11-10 07:59:11.95484	2025-11-10 09:15:42.141078	f	MAGAZYNIER20
1730	MWIERZBICKI	4	11	2025-11-07 10:02:42.541527	2025-11-10 09:33:11.908103	f	MWIERZBICKI
1804	MBAROCHA	2	7	2025-11-10 08:30:31.388555	2025-11-10 09:39:30.768456	f	MBAROCHA
1717	PKUNA	6	23	2025-11-07 08:02:03.624064	2025-11-10 09:41:37.503819	f	PKUNA
1803	SSTELMASZCZYK	2	5	2025-11-10 08:23:08.010653	2025-11-10 09:49:55.401301	f	SSTELMASZCZYK
1800	ANOWICKA	2	5	2025-11-10 08:06:36.935009	2025-11-10 09:56:09.639411	f	MAGAZYNIER13
1788	MSTAWIANY	2	5	2025-11-10 07:49:30.87591	2025-11-10 10:18:14.199786	f	MSTAWIANY
1797	MDYLEWSKI	2	5	2025-11-10 08:01:54.283166	2025-11-10 12:34:59.222387	f	MDYLEWSKI
1802	JKLUKOWSKI	2	5	2025-11-10 08:20:23.581973	2025-11-10 15:10:45.650749	f	DZDYP
1787	ABANDOS	2	7	2025-11-10 07:48:19.285762	2025-11-10 15:36:06.325221	f	ABANDOS
1793	KWOZNIAK	7	32	2025-11-10 07:59:00.136718	2025-11-10 15:55:10.976541	f	KWOZNIAK
1799	MMARTYNENKO	2	9	2025-11-10 08:05:07.857858	2025-11-10 15:55:13.857597	f	MMARTYNENKO
1789	DZIMON	2	7	2025-11-10 07:54:06.485486	2025-11-10 15:55:48.102354	f	DZIMON
1792	LFRANCZAK	7	32	2025-11-10 07:58:38.8024	2025-11-10 15:58:31.116397	f	LFRANCZAK
1795	AKIELBIK	2	5	2025-11-10 08:00:57.121194	2025-11-10 15:58:48.356718	f	DKARPINSKI
1734	HNIEPSUJ	2	7	2025-11-07 12:02:19.966554	2025-11-12 06:29:59.971052	f	TNITKA
1796	NKIELBIK	2	5	2025-11-10 08:01:10.281956	2025-11-10 09:23:07.686021	f	NKIELBIK
1790	KZIECIK	2	7	2025-11-10 07:57:48.813029	2025-11-10 10:55:14.993281	f	NZIECIK
1808	MBAROCHA	2	9	2025-11-10 09:39:30.768456	2025-11-10 10:56:37.169474	f	MBAROCHA
1811	ANOWICKA	3	10	2025-11-10 09:56:09.639411	2025-11-10 12:01:40.035197	f	MAGAZYNIER13
1812	MSTAWIANY	2	7	2025-11-10 10:18:14.199786	2025-11-10 12:07:35.007204	f	MSTAWIANY
1813	KZIECIK	6	30	2025-11-10 10:55:14.993281	2025-11-10 12:33:02.22181	f	NZIECIK
1817	KZIECIK	8	33	2025-11-10 12:33:02.22181	2025-11-10 12:45:05.96644	f	NZIECIK
1805	JMOTYLSKA	3	10	2025-11-10 09:15:42.141078	2025-11-10 13:24:10.165475	f	MAGAZYNIER20
1814	MBAROCHA	6	30	2025-11-10 10:56:37.169474	2025-11-10 13:25:35.36351	f	MBAROCHA
1810	SSTELMASZCZYK	3	10	2025-11-10 09:49:55.401301	2025-11-10 13:27:12.029503	f	SSTELMASZCZYK
1820	JMOTYLSKA	8	33	2025-11-10 13:24:10.165475	2025-11-10 13:45:49.516842	f	MAGAZYNIER20
1821	MBAROCHA	8	33	2025-11-10 13:25:35.36351	2025-11-10 13:46:49.616064	f	MBAROCHA
1822	SSTELMASZCZYK	8	33	2025-11-10 13:27:12.029503	2025-11-10 13:46:57.854519	f	SSTELMASZCZYK
1823	JMOTYLSKA	3	10	2025-11-10 13:45:49.516842	2025-11-10 14:12:54.094039	f	MAGAZYNIER20
1824	MBAROCHA	6	30	2025-11-10 13:46:49.616064	2025-11-10 14:45:52.616433	f	MBAROCHA
1819	KZIECIK	6	30	2025-11-10 12:45:05.96644	2025-11-10 14:51:30.881583	f	NZIECIK
1815	ANOWICKA	6	30	2025-11-10 12:01:40.035197	2025-11-10 15:21:01.166399	f	MAGAZYNIER13
1816	MSTAWIANY	2	5	2025-11-10 12:07:35.007204	2025-11-10 15:36:23.269005	f	MSTAWIANY
1830	ANOWICKA	8	33	2025-11-10 15:21:01.166399	2025-11-10 15:38:34.886388	f	MAGAZYNIER13
1826	JMOTYLSKA	4	13	2025-11-10 14:12:54.094039	2025-11-10 15:39:29.155786	f	MAGAZYNIER20
1807	MWIERZBICKI	2	9	2025-11-10 09:33:11.908103	2025-11-10 15:44:20.651274	f	MWIERZBICKI
1831	ABANDOS	8	33	2025-11-10 15:36:06.325221	2025-11-10 15:50:01.943381	f	ABANDOS
1833	ANOWICKA	4	13	2025-11-10 15:38:34.886388	2025-11-10 15:51:05.346568	f	MAGAZYNIER13
1832	MSTAWIANY	2	7	2025-11-10 15:36:23.269005	2025-11-10 15:54:29.061275	f	MSTAWIANY
1818	MDYLEWSKI	2	7	2025-11-10 12:34:59.222387	2025-11-10 15:55:19.126351	f	MDYLEWSKI
1806	NKIELBIK	3	10	2025-11-10 09:23:07.686021	2025-11-10 15:56:00.161827	f	NKIELBIK
1828	KZIECIK	2	7	2025-11-10 14:51:30.881583	2025-11-10 15:56:03.900587	f	NZIECIK
1834	JMOTYLSKA	6	23	2025-11-10 15:39:29.155786	2025-11-10 15:56:19.244096	f	MAGAZYNIER20
1809	PKUNA	2	7	2025-11-10 09:41:37.503819	2025-11-10 15:56:20.568401	f	PKUNA
1827	MBAROCHA	2	7	2025-11-10 14:45:52.616433	2025-11-10 15:56:25.683521	f	MBAROCHA
1835	ABANDOS	6	26	2025-11-10 15:50:01.943381	2025-11-10 15:56:32.452515	f	ABANDOS
1829	JKLUKOWSKI	3	10	2025-11-10 15:10:45.650749	2025-11-10 15:56:35.872324	f	DZDYP
1801	BJONCZYK	7	32	2025-11-10 08:13:42.569221	2025-11-10 15:56:39.966304	f	BJONCZYK
1825	SSTELMASZCZYK	3	10	2025-11-10 13:46:57.854519	2025-11-10 15:58:07.935253	f	SSTELMASZCZYK
1836	ANOWICKA	6	23	2025-11-10 15:51:05.346568	2025-11-10 15:59:30.309302	f	MAGAZYNIER13
1837	ABANDOS	4	11	2025-11-12 05:55:21.935061	2025-11-12 06:04:06.113332	f	ABANDOS
1847	MBAROCHA	2	5	2025-11-12 06:54:23.194255	2025-11-12 07:26:41.459738	f	MBAROCHA
1851	MBAROCHA	4	11	2025-11-12 07:26:41.459738	2025-11-12 07:30:08.416299	f	MBAROCHA
1840	NKIELBIK	2	5	2025-11-12 06:01:14.77202	2025-11-12 07:30:43.157175	f	NKIELBIK
1844	PKUNA	2	7	2025-11-12 06:04:23.917896	2025-11-12 07:39:55.225263	f	PKUNA
1843	ABANDOS	2	7	2025-11-12 06:04:06.113332	2025-11-12 07:41:28.553372	f	ABANDOS
1849	KZIECIK	4	11	2025-11-12 07:02:24.133975	2025-11-12 07:42:09.015253	f	MMARTYNENKO
1857	MDYLEWSKI	3	10	2025-11-12 07:58:16.374204	2025-11-12 07:58:24.398887	f	MDYLEWSKI
1856	KZIECIK	4	13	2025-11-12 07:42:09.015253	2025-11-12 08:02:52.197896	f	MMARTYNENKO
1852	MBAROCHA	2	5	2025-11-12 07:30:08.416299	2025-11-12 08:17:06.893027	f	MBAROCHA
1854	PKUNA	2	5	2025-11-12 07:39:55.225263	2025-11-12 08:17:34.673579	f	PKUNA
1842	KDRZAZGA	2	5	2025-11-12 06:02:15.986542	2025-11-12 08:20:44.437756	f	KDRZAZGA
1845	HNIEPSUJ	2	5	2025-11-12 06:29:59.971052	2025-11-12 08:21:15.610601	f	TNITKA
1862	MBAROCHA	4	11	2025-11-12 08:17:06.893027	2025-11-12 08:31:46.199513	f	MBAROCHA
1850	DZIMON	4	11	2025-11-12 07:02:48.310901	2025-11-12 08:33:55.687772	f	DZIMON
1858	MDYLEWSKI	2	6	2025-11-12 07:58:24.398887	2025-11-12 08:35:07.468248	f	MDYLEWSKI
1860	SSTELMASZCZYK	2	5	2025-11-12 08:00:36.483535	2025-11-12 08:37:16.207383	f	SSTELMASZCZYK
1870	SSTELMASZCZYK	2	6	2025-11-12 08:37:16.207383	2025-11-12 08:45:51.773136	f	SSTELMASZCZYK
1866	PWIERZBICKI	6	26	2025-11-12 08:25:03.762997	2025-11-12 08:47:55.240463	f	PWIERZBICKI
1841	JKLUKOWSKI	2	5	2025-11-12 06:02:06.186298	2025-11-12 08:49:45.3779	f	DZDYP
1873	JKLUKOWSKI	3	10	2025-11-12 08:49:45.3779	2025-11-12 09:23:51.010882	f	DZDYP
1859	MSTAWIANY	2	5	2025-11-12 07:59:32.181956	2025-11-12 09:54:39.541145	f	MSTAWIANY
1874	JKLUKOWSKI	2	5	2025-11-12 09:23:51.010882	2025-11-12 10:35:45.953318	f	DZDYP
1871	SSTELMASZCZYK	3	10	2025-11-12 08:45:51.773136	2025-11-12 10:59:02.793148	f	SSTELMASZCZYK
1848	JMOTYLSKA	4	13	2025-11-12 07:01:05.258098	2025-11-12 11:00:40.210801	f	MAGAZYNIER20
1879	MSTAWIANY	2	7	2025-11-12 09:54:39.541145	2025-11-12 11:14:44.059558	f	MSTAWIANY
1881	SSTELMASZCZYK	8	33	2025-11-12 10:59:02.793148	2025-11-12 11:17:30.818069	f	SSTELMASZCZYK
1882	JMOTYLSKA	8	33	2025-11-12 11:00:40.210801	2025-11-12 11:22:43.870416	f	MAGAZYNIER20
1868	DZIMON	2	7	2025-11-12 08:33:55.687772	2025-11-12 11:23:50.487982	f	DZIMON
1883	MSTAWIANY	8	33	2025-11-12 11:14:44.059558	2025-11-12 11:28:51.434556	f	MSTAWIANY
1886	DZIMON	8	33	2025-11-12 11:23:50.487982	2025-11-12 11:47:30.405773	f	DZIMON
1867	MBAROCHA	2	7	2025-11-12 08:31:46.199513	2025-11-12 12:32:29.695449	f	MBAROCHA
1890	KZIECIK	8	33	2025-11-12 12:29:35.16378	2025-11-12 12:50:11.685001	f	NZIECIK
1891	MBAROCHA	8	33	2025-11-12 12:32:29.695449	2025-11-12 12:53:01.92952	f	MBAROCHA
1869	MDYLEWSKI	2	7	2025-11-12 08:35:07.468248	2025-11-12 12:53:28.429137	f	MDYLEWSKI
1864	KDRZAZGA	6	25	2025-11-12 08:20:44.437756	2025-11-12 13:10:08.67331	f	KDRZAZGA
1884	SSTELMASZCZYK	3	10	2025-11-12 11:17:30.818069	2025-11-12 13:31:56.94875	f	SSTELMASZCZYK
1894	MDYLEWSKI	8	33	2025-11-12 12:53:28.429137	2025-11-12 13:32:18.277831	f	MDYLEWSKI
1872	PWIERZBICKI	2	5	2025-11-12 08:47:55.240463	2025-11-12 13:33:47.213499	f	PWIERZBICKI
1861	MBRZOZOWSKI	7	32	2025-11-12 08:11:00.482434	2025-11-12 13:36:31.401172	f	MBRZOZOWSKI
1896	SSTELMASZCZYK	2	6	2025-11-12 13:31:56.94875	2025-11-12 13:40:02.507659	f	SSTELMASZCZYK
1880	JKLUKOWSKI	3	10	2025-11-12 10:35:45.953318	2025-11-12 14:17:31.828792	f	DZDYP
1876	AMOSZKOWICZ	3	10	2025-11-12 09:24:10.823584	2025-11-12 14:18:07.161727	f	MAGAZYNIER16
1889	DZIMON	2	7	2025-11-12 11:47:30.405773	2025-11-12 14:24:09.339013	f	DZIMON
1887	MSTAWIANY	2	7	2025-11-12 11:28:51.434556	2025-11-12 14:39:40.886598	f	MSTAWIANY
1838	DMARCZAK	2	7	2025-11-12 05:59:20.706704	2025-11-12 14:45:43.377142	f	DMARCZAK
1863	PKUNA	6	25	2025-11-12 08:17:34.673579	2025-11-12 15:11:43.678979	f	PKUNA
1865	HNIEPSUJ	3	10	2025-11-12 08:21:15.610601	2025-11-12 15:15:02.202497	f	TNITKA
1875	JMLYNARCZYK	3	10	2025-11-12 09:23:55.55174	2025-11-12 15:40:50.953323	f	JMLYNARCZYK
1892	KZIECIK	4	13	2025-11-12 12:50:11.685001	2025-11-12 15:47:53.688539	f	NZIECIK
1839	BJONCZYK	7	32	2025-11-12 06:00:17.125895	2025-11-12 15:50:33.741354	f	BJONCZYK
1855	ABANDOS	4	11	2025-11-12 07:41:28.553372	2025-11-12 15:52:31.991492	f	ABANDOS
1888	KWOZNIAK	7	32	2025-11-12 11:30:26.384868	2025-11-12 15:54:28.503101	f	KWOZNIAK
1877	ZKOCIOLEK	3	10	2025-11-12 09:24:53.961154	2025-11-12 15:55:42.774573	f	MAGAZYNIER13
1853	NKIELBIK	3	10	2025-11-12 07:30:43.157175	2025-11-12 15:56:05.590784	f	NKIELBIK
1846	LFRANCZAK	7	32	2025-11-12 06:46:15.339174	2025-11-13 06:02:53.402541	f	LFRANCZAK
1878	MWIERZBICKI	7	32	2025-11-12 09:53:32.313379	2025-11-13 06:18:32.816033	f	MWIERZBICKI
1899	MBRZOZOWSKI	8	33	2025-11-12 13:36:31.401172	2025-11-12 13:51:24.162663	f	MBRZOZOWSKI
1900	SSTELMASZCZYK	3	10	2025-11-12 13:40:02.507659	2025-11-12 14:16:29.985723	f	SSTELMASZCZYK
1893	MBAROCHA	2	7	2025-11-12 12:53:01.92952	2025-11-12 14:23:31.026551	f	MBAROCHA
1898	PWIERZBICKI	2	7	2025-11-12 13:33:47.213499	2025-11-12 14:26:46.800024	f	PWIERZBICKI
1902	SSTELMASZCZYK	2	5	2025-11-12 14:16:29.985723	2025-11-12 14:42:53.997151	f	SSTELMASZCZYK
1903	JKLUKOWSKI	2	6	2025-11-12 14:17:31.828792	2025-11-12 14:46:25.569285	f	DZDYP
1911	JKLUKOWSKI	3	10	2025-11-12 14:46:25.569285	2025-11-12 15:12:03.304016	f	DZDYP
1909	SSTELMASZCZYK	3	10	2025-11-12 14:42:53.997151	2025-11-12 15:20:37.412951	f	SSTELMASZCZYK
1897	MDYLEWSKI	2	7	2025-11-12 13:32:18.277831	2025-11-12 15:21:05.74689	f	MDYLEWSKI
1915	SSTELMASZCZYK	2	6	2025-11-12 15:20:37.412951	2025-11-12 15:26:17.789397	f	SSTELMASZCZYK
1917	SSTELMASZCZYK	6	23	2025-11-12 15:26:17.789397	2025-11-12 15:35:49.225451	f	SSTELMASZCZYK
1914	HNIEPSUJ	8	33	2025-11-12 15:15:02.202497	2025-11-12 15:37:16.745144	f	TNITKA
1885	JMOTYLSKA	4	13	2025-11-12 11:22:43.870416	2025-11-12 15:42:03.356858	f	MAGAZYNIER20
1920	JMLYNARCZYK	6	23	2025-11-12 15:40:50.953323	2025-11-12 15:52:09.06835	f	JMLYNARCZYK
1901	MBRZOZOWSKI	7	32	2025-11-12 13:51:24.162663	2025-11-12 15:52:49.795348	f	MBRZOZOWSKI
1922	KZIECIK	6	23	2025-11-12 15:47:53.688539	2025-11-12 15:52:54.467046	f	NZIECIK
1916	MDYLEWSKI	6	23	2025-11-12 15:21:05.74689	2025-11-12 15:53:01.632666	f	MDYLEWSKI
1905	MBAROCHA	4	11	2025-11-12 14:23:31.026551	2025-11-12 15:53:25.659745	f	MBAROCHA
1908	MSTAWIANY	10	36	2025-11-12 14:39:40.886598	2025-11-12 15:54:11.30529	f	MSTAWIANY
1913	JKLUKOWSKI	2	6	2025-11-12 15:12:03.304016	2025-11-12 15:54:50.452669	f	DZDYP
1904	AMOSZKOWICZ	4	13	2025-11-12 14:18:07.161727	2025-11-12 15:54:52.440408	f	MAGAZYNIER16
1912	PKUNA	6	24	2025-11-12 15:11:43.678979	2025-11-12 15:55:03.146477	f	PKUNA
1910	DMARCZAK	6	23	2025-11-12 14:45:43.377142	2025-11-12 15:55:10.749631	f	DMARCZAK
1907	PWIERZBICKI	6	23	2025-11-12 14:26:46.800024	2025-11-12 15:55:14.858264	f	PWIERZBICKI
1906	DZIMON	6	26	2025-11-12 14:24:09.339013	2025-11-12 15:55:21.148284	f	DZIMON
1919	HNIEPSUJ	6	23	2025-11-12 15:37:16.745144	2025-11-12 15:55:54.232876	f	TNITKA
1918	SSTELMASZCZYK	6	22	2025-11-12 15:35:49.225451	2025-11-12 15:58:14.056647	f	SSTELMASZCZYK
1895	KDRZAZGA	2	7	2025-11-12 13:10:08.67331	2025-11-13 06:02:42.279105	f	KDRZAZGA
1921	JMOTYLSKA	6	23	2025-11-12 15:42:03.356858	2025-11-13 06:22:36.310176	f	MAGAZYNIER20
1930	HNIEPSUJ	6	26	2025-11-13 06:03:09.214345	2025-11-13 07:03:42.534132	f	TNITKA
1931	JKLUKOWSKI	4	13	2025-11-13 06:04:08.478273	2025-11-13 07:29:28.614394	f	JKLUKOWSKI
1942	PWIERZBICKI	6	23	2025-11-13 07:16:34.531289	2025-11-13 07:40:31.529805	f	PWIERZBICKI
1937	DZIMON	4	11	2025-11-13 06:59:25.355378	2025-11-13 07:59:03.225927	f	DZIMON
1950	TZAJAC	11	39	2025-11-13 08:08:12.626604	2025-11-13 08:08:49.295056	f	TZAJAC
1926	NPABIAN	4	11	2025-11-13 06:01:55.965549	2025-11-13 08:09:18.95077	f	NPABIAN
1951	TZAJAC	1	1	2025-11-13 08:08:49.295056	2025-11-13 08:09:22.343549	f	TZAJAC
1945	MBAROCHA	4	11	2025-11-13 07:39:47.812064	2025-11-13 08:12:07.097562	f	MBAROCHA
1925	SSTELMASZCZYK	4	11	2025-11-13 06:01:51.725942	2025-11-13 08:12:51.008442	f	SSTELMASZCZYK
1924	ABANDOS	4	11	2025-11-13 05:59:51.801996	2025-11-13 08:13:24.002982	f	ABANDOS
1927	PKUNA	6	23	2025-11-13 06:02:39.734699	2025-11-13 08:19:55.568761	f	PKUNA
1936	MDYLEWSKI	4	11	2025-11-13 06:22:52.12838	2025-11-13 08:23:08.309791	f	MDYLEWSKI
1946	PWIERZBICKI	6	23	2025-11-13 07:40:31.529805	2025-11-13 08:37:17.376808	f	PWIERZBICKI
1943	ANOWICKA	2	5	2025-11-13 07:28:58.529482	2025-11-13 08:56:34.202352	f	DKARPINSKI
1947	DMARCZAK	6	23	2025-11-13 07:54:45.148752	2025-11-13 09:21:46.449321	f	DMARCZAK
1944	JKLUKOWSKI	2	5	2025-11-13 07:29:28.614394	2025-11-13 09:25:40.210668	f	JKLUKOWSKI
1954	MBAROCHA	2	9	2025-11-13 08:12:07.097562	2025-11-13 09:41:11.085891	f	MBAROCHA
1957	PKUNA	2	5	2025-11-13 08:19:55.568761	2025-11-13 09:48:08.076302	f	PKUNA
1955	SSTELMASZCZYK	2	5	2025-11-13 08:12:51.008442	2025-11-13 09:48:23.941091	f	SSTELMASZCZYK
1939	HNIEPSUJ	4	11	2025-11-13 07:03:42.534132	2025-11-13 09:54:15.536034	f	TNITKA
1956	ABANDOS	2	7	2025-11-13 08:13:24.002982	2025-11-13 09:58:43.385752	f	ABANDOS
1941	JMOTYLSKA	4	13	2025-11-13 07:09:22.695502	2025-11-13 10:54:40.725885	f	MAGAZYNIER20
1965	SSTELMASZCZYK	3	10	2025-11-13 09:48:23.941091	2025-11-13 11:01:05.248777	f	SSTELMASZCZYK
1962	JKLUKOWSKI	3	10	2025-11-13 09:25:40.210668	2025-11-13 11:04:36.608046	f	JKLUKOWSKI
1952	NPABIAN	2	7	2025-11-13 08:09:18.95077	2025-11-13 11:05:56.235407	f	NPABIAN
1968	JMOTYLSKA	8	33	2025-11-13 10:54:40.725885	2025-11-13 11:12:20.963375	f	MAGAZYNIER20
1969	SSTELMASZCZYK	8	33	2025-11-13 11:01:05.248777	2025-11-13 11:28:29.488957	f	SSTELMASZCZYK
1953	MSTAWIANY	2	7	2025-11-13 08:09:44.403756	2025-11-13 11:29:50.603607	f	MSTAWIANY
1971	NPABIAN	8	33	2025-11-13 11:05:56.235407	2025-11-13 11:35:28.810976	f	NPABIAN
1970	JKLUKOWSKI	2	6	2025-11-13 11:04:36.608046	2025-11-13 11:38:09.058806	f	JKLUKOWSKI
1966	HNIEPSUJ	6	30	2025-11-13 09:54:15.536034	2025-11-13 11:43:41.222323	f	TNITKA
1928	KDRZAZGA	4	11	2025-11-13 06:02:42.279105	2025-11-13 11:58:37.625403	f	KDRZAZGA
1974	MSTAWIANY	8	33	2025-11-13 11:29:50.603607	2025-11-13 12:17:12.701624	f	MSTAWIANY
1963	MBAROCHA	2	7	2025-11-13 09:41:11.085891	2025-11-13 12:22:50.149325	f	MBAROCHA
1977	HNIEPSUJ	8	33	2025-11-13 11:43:41.222323	2025-11-13 12:31:52.775169	f	TNITKA
1980	MBAROCHA	8	33	2025-11-13 12:22:50.149325	2025-11-13 12:40:06.891476	f	MBAROCHA
1938	KZIECIK	4	13	2025-11-13 07:00:45.384731	2025-11-13 12:45:46.887694	f	NZIECIK
1981	HNIEPSUJ	3	10	2025-11-13 12:31:52.775169	2025-11-13 12:57:49.547396	f	TNITKA
1967	ABANDOS	4	11	2025-11-13 09:58:43.385752	2025-11-13 13:01:21.441014	f	ABANDOS
1983	KZIECIK	8	33	2025-11-13 12:45:46.887694	2025-11-13 13:03:05.598828	f	NZIECIK
1949	DZIMON	2	7	2025-11-13 07:59:03.225927	2025-11-13 13:12:15.849362	f	DZIMON
1978	KDRZAZGA	2	7	2025-11-13 11:58:37.625403	2025-11-13 13:20:21.671785	f	KDRZAZGA
1975	NPABIAN	2	7	2025-11-13 11:35:28.810976	2025-11-13 13:22:30.004119	f	NPABIAN
1948	MBRZOZOWSKI	7	32	2025-11-13 07:58:06.861534	2025-11-13 13:32:17.784924	f	MBRZOZOWSKI
1960	ANOWICKA	3	10	2025-11-13 08:56:34.202352	2025-11-13 13:34:02.85654	f	DKARPINSKI
1989	NPABIAN	6	22	2025-11-13 13:22:30.004119	2025-11-13 13:41:10.754897	f	NPABIAN
1976	JKLUKOWSKI	3	10	2025-11-13 11:38:09.058806	2025-11-13 13:48:59.593021	f	JKLUKOWSKI
1984	HNIEPSUJ	6	26	2025-11-13 12:57:49.547396	2025-11-13 13:54:14.629149	f	TNITKA
1986	KZIECIK	4	13	2025-11-13 13:03:05.598828	2025-11-13 14:10:07.669044	f	NZIECIK
1985	ABANDOS	9	34	2025-11-13 13:01:21.441014	2025-11-13 14:38:43.195959	f	ABANDOS
1987	DZIMON	6	26	2025-11-13 13:12:15.849362	2025-11-13 15:21:24.843001	f	DZIMON
1933	AMOSZKOWICZ	4	13	2025-11-13 06:14:34.930423	2025-11-13 15:21:34.537767	f	MAGAZYNIER16
1972	JMOTYLSKA	4	13	2025-11-13 11:12:20.963375	2025-11-13 15:41:59.599469	f	MAGAZYNIER20
1958	MDYLEWSKI	2	7	2025-11-13 08:23:08.309791	2025-11-13 15:45:08.451193	f	MDYLEWSKI
1932	BJONCZYK	7	32	2025-11-13 06:12:40.838825	2025-11-13 15:55:25.652306	f	BJONCZYK
1935	MWIERZBICKI	7	32	2025-11-13 06:18:32.816033	2025-11-13 15:55:38.51977	f	MWIERZBICKI
1979	MSTAWIANY	2	7	2025-11-13 12:17:12.701624	2025-11-13 15:56:00.093415	f	MSTAWIANY
1940	KWOZNIAK	7	32	2025-11-13 07:05:04.209963	2025-11-13 15:56:15.355937	f	KWOZNIAK
1923	AKIELBIK	2	5	2025-11-13 05:58:18.842517	2025-11-13 15:56:58.890486	f	AKIELBIK
1959	PWIERZBICKI	6	30	2025-11-13 08:37:17.376808	2025-11-13 15:57:11.241988	f	PWIERZBICKI
1964	PKUNA	2	7	2025-11-13 09:48:08.076302	2025-11-13 15:58:26.050617	f	PKUNA
1961	DMARCZAK	2	7	2025-11-13 09:21:46.449321	2025-11-13 15:59:57.126986	f	DMARCZAK
1988	KDRZAZGA	6	26	2025-11-13 13:20:21.671785	2025-11-14 06:06:36.681899	f	KDRZAZGA
1934	ZKOCIOLEK	4	13	2025-11-13 06:15:52.160636	2025-11-14 08:55:39.359044	f	MAGAZYNIER13
1982	MBAROCHA	2	7	2025-11-13 12:40:06.891476	2025-11-13 13:34:07.151759	f	MBAROCHA
1990	MBRZOZOWSKI	8	33	2025-11-13 13:32:17.784924	2025-11-13 13:41:12.865529	f	MBRZOZOWSKI
1991	ANOWICKA	6	23	2025-11-13 13:34:02.85654	2025-11-13 13:48:20.762359	f	DKARPINSKI
1995	ANOWICKA	2	5	2025-11-13 13:48:20.762359	2025-11-13 14:19:59.84177	f	DKARPINSKI
1973	SSTELMASZCZYK	3	10	2025-11-13 11:28:29.488957	2025-11-13 14:49:55.656338	f	SSTELMASZCZYK
1993	NPABIAN	4	11	2025-11-13 13:41:10.754897	2025-11-13 14:55:55.655632	f	NPABIAN
1999	ANOWICKA	3	10	2025-11-13 14:19:59.84177	2025-11-13 15:04:42.950462	f	DKARPINSKI
2002	ANOWICKA	6	23	2025-11-13 15:04:42.950462	2025-11-13 15:10:11.590259	f	DKARPINSKI
2003	ANOWICKA	2	6	2025-11-13 15:10:11.590259	2025-11-13 15:21:03.731221	f	DKARPINSKI
2004	ANOWICKA	3	10	2025-11-13 15:21:03.731221	2025-11-13 15:28:08.895018	f	DKARPINSKI
1997	HNIEPSUJ	3	10	2025-11-13 13:54:14.629149	2025-11-13 15:39:42.139583	f	TNITKA
1998	KZIECIK	4	11	2025-11-13 14:10:07.669044	2025-11-13 15:44:44.348832	f	NZIECIK
2010	MDYLEWSKI	6	23	2025-11-13 15:45:08.451193	2025-11-13 15:53:20.406291	f	MDYLEWSKI
1994	MBRZOZOWSKI	7	32	2025-11-13 13:41:12.865529	2025-11-13 15:54:47.388033	f	MBRZOZOWSKI
1996	JKLUKOWSKI	2	5	2025-11-13 13:48:59.593021	2025-11-13 15:55:03.142817	f	JKLUKOWSKI
1929	LFRANCZAK	7	32	2025-11-13 06:02:53.402541	2025-11-13 15:56:26.743523	f	LFRANCZAK
1992	MBAROCHA	4	11	2025-11-13 13:34:07.151759	2025-11-13 15:56:53.114892	f	MBAROCHA
2006	ANOWICKA	6	23	2025-11-13 15:28:08.895018	2025-11-13 15:56:58.043252	f	DKARPINSKI
2001	SSTELMASZCZYK	4	11	2025-11-13 14:49:55.656338	2025-11-13 15:57:05.763679	f	SSTELMASZCZYK
2008	JMOTYLSKA	6	23	2025-11-13 15:41:59.599469	2025-11-13 15:59:48.270936	f	MAGAZYNIER20
2007	HNIEPSUJ	6	23	2025-11-13 15:39:42.139583	2025-11-14 06:04:45.39061	f	TNITKA
2005	AMOSZKOWICZ	6	23	2025-11-13 15:21:34.537767	2025-11-14 06:08:39.723479	f	MAGAZYNIER16
2017	JKLUKOWSKI	6	31	2025-11-14 06:07:43.385777	2025-11-14 06:08:54.66365	f	JKLUKOWSKI
2021	AKIELBIK	4	13	2025-11-14 06:09:29.596799	\N	t	AKIELBIK
2009	KZIECIK	6	23	2025-11-13 15:44:44.348832	2025-11-14 07:01:02.476448	f	NZIECIK
2015	KDRZAZGA	4	11	2025-11-14 06:06:36.681899	2025-11-14 07:02:05.817366	f	KDRZAZGA
2024	PWIERZBICKI	6	26	2025-11-14 07:01:24.69681	2025-11-14 07:08:36.130255	f	PWIERZBICKI
2020	JKLUKOWSKI	1	2	2025-11-14 06:08:54.66365	2025-11-14 07:39:12.64048	f	JKLUKOWSKI
2022	DZIMON	4	11	2025-11-14 07:00:18.919344	2025-11-14 07:52:02.30174	f	DZIMON
2014	PKUNA	6	31	2025-11-14 06:06:27.620939	2025-11-14 07:56:09.077847	f	PKUNA
2028	MBAROCHA	4	11	2025-11-14 07:05:19.93277	2025-11-14 08:02:19.890444	f	MABAROCHA
2031	DZIMON	2	5	2025-11-14 07:52:02.30174	2025-11-14 08:37:21.943644	f	DZIMON
2012	HNIEPSUJ	4	11	2025-11-14 06:04:45.39061	2025-11-14 08:45:56.400487	f	TNITKA
2026	JMOTYLSKA	5	18	2025-11-14 07:03:06.921218	2025-11-14 08:46:46.095533	f	MAGAZYNIER20
2030	JKLUKOWSKI	2	5	2025-11-14 07:39:12.64048	2025-11-14 08:47:58.620573	f	JKLUKOWSKI
2011	DMARCZAK	6	23	2025-11-14 06:04:14.490652	2025-11-14 08:50:37.668528	f	MAGAZYNIER17
2019	AMOSZKOWICZ	4	11	2025-11-14 06:08:39.723479	2025-11-14 08:54:23.752796	f	MAGAZYNIER16
2044	ZKOCIOLEK	3	10	2025-11-14 08:55:39.359044	\N	t	MAGAZYNIER13
2016	SSTELMASZCZYK	4	11	2025-11-14 06:06:37.568709	2025-11-14 08:56:56.2733	f	SSTELMASZCZYK
2029	PWIERZBICKI	6	23	2025-11-14 07:08:36.130255	2025-11-14 08:59:03.016344	f	PWIERZBICKI
2034	ANOWICKA	2	5	2025-11-14 07:57:49.905441	2025-11-14 09:06:01.280527	f	DKARPINSKI
2040	JKLUKOWSKI	3	10	2025-11-14 08:47:58.620573	2025-11-14 09:25:29.803576	f	JKLUKOWSKI
2013	MWIERZBICKI	6	24	2025-11-14 06:05:05.464321	2025-11-14 09:40:18.866988	f	MWIERZBICKI
2049	MWIERZBICKI	4	11	2025-11-14 09:40:18.866988	\N	t	MWIERZBICKI
2045	SSTELMASZCZYK	3	10	2025-11-14 08:56:56.2733	2025-11-14 09:49:04.74874	f	SSTELMASZCZYK
2050	SSTELMASZCZYK	2	5	2025-11-14 09:49:04.74874	2025-11-14 10:13:39.5492	f	SSTELMASZCZYK
2048	JKLUKOWSKI	2	5	2025-11-14 09:25:29.803576	2025-11-14 10:45:53.972986	f	JKLUKOWSKI
2039	JMOTYLSKA	4	13	2025-11-14 08:46:46.095533	2025-11-14 11:22:35.384117	f	MAGAZYNIER20
2053	JMOTYLSKA	8	33	2025-11-14 11:22:35.384117	2025-11-14 11:37:45.311218	f	MAGAZYNIER20
2054	JMOTYLSKA	4	13	2025-11-14 11:37:45.311218	\N	t	MAGAZYNIER20
2000	ABANDOS	4	11	2025-11-13 14:38:43.195959	2025-11-14 11:40:06.006276	f	ABANDOS
2037	DZIMON	2	7	2025-11-14 08:37:21.943644	2025-11-14 11:44:37.243081	f	DZIMON
2046	PWIERZBICKI	2	7	2025-11-14 08:59:03.016344	2025-11-14 11:46:10.902999	f	PWIERZBICKI
2056	PWIERZBICKI	6	23	2025-11-14 11:46:10.902999	\N	t	PWIERZBICKI
2025	KDRZAZGA	6	25	2025-11-14 07:02:05.817366	2025-11-14 11:56:28.106626	f	KDRZAZGA
2057	KDRZAZGA	4	14	2025-11-14 11:56:28.106626	2025-11-14 11:56:42.756308	f	KDRZAZGA
2058	KDRZAZGA	4	11	2025-11-14 11:56:42.756308	\N	t	KDRZAZGA
2051	SSTELMASZCZYK	2	7	2025-11-14 10:13:39.5492	2025-11-14 11:59:19.925447	f	SSTELMASZCZYK
2035	MBAROCHA	2	7	2025-11-14 08:02:19.890444	2025-11-14 12:01:23.677248	f	MBAROCHA
2042	MDYLEWSKI	2	7	2025-11-14 08:52:55.512843	2025-11-14 12:02:53.530322	f	MDYLEWSKI
2038	HNIEPSUJ	6	23	2025-11-14 08:45:56.400487	2025-11-14 12:03:14.913647	f	TNITKA
2033	PKUNA	2	7	2025-11-14 07:56:09.077847	2025-11-14 12:19:56.331534	f	PKUNA
2055	DZIMON	8	33	2025-11-14 11:44:37.243081	2025-11-14 12:20:05.557008	f	DZIMON
2064	DZIMON	6	26	2025-11-14 12:20:05.557008	\N	t	DZIMON
2059	SSTELMASZCZYK	8	33	2025-11-14 11:59:19.925447	2025-11-14 12:21:49.390615	f	SSTELMASZCZYK
2065	SSTELMASZCZYK	3	10	2025-11-14 12:21:49.390615	\N	t	SSTELMASZCZYK
2052	JKLUKOWSKI	3	10	2025-11-14 10:45:53.972986	2025-11-14 12:30:25.534464	f	JKLUKOWSKI
2036	MSTAWIANY	2	7	2025-11-14 08:32:24.318575	2025-11-14 12:33:51.606525	f	MSTAWIANY
2067	MSTAWIANY	10	35	2025-11-14 12:33:51.606525	\N	t	MSTAWIANY
2023	KZIECIK	4	11	2025-11-14 07:01:02.476448	2025-11-14 12:42:28.673538	f	NZIECIK
2063	PKUNA	6	26	2025-11-14 12:19:56.331534	2025-11-14 12:49:17.280456	f	PKUNA
2066	JKLUKOWSKI	2	6	2025-11-14 12:30:25.534464	2025-11-14 12:50:12.709051	f	JKLUKOWSKI
2062	HNIEPSUJ	2	5	2025-11-14 12:03:14.913647	2025-11-14 12:52:53.805602	f	TNITKA
2068	KZIECIK	8	33	2025-11-14 12:42:28.673538	2025-11-14 13:03:08.835838	f	NZIECIK
2072	KZIECIK	4	11	2025-11-14 13:03:08.835838	\N	t	NZIECIK
2060	MBAROCHA	4	11	2025-11-14 12:01:23.677248	2025-11-14 13:13:17.748377	f	MBAROCHA
2070	JKLUKOWSKI	3	10	2025-11-14 12:50:12.709051	2025-11-14 13:23:08.156483	f	JKLUKOWSKI
2074	JKLUKOWSKI	2	5	2025-11-14 13:23:08.156483	\N	t	JKLUKOWSKI
2073	MBAROCHA	8	33	2025-11-14 13:13:17.748377	2025-11-14 13:27:23.076762	f	MBAROCHA
2032	MBRZOZOWSKI	7	32	2025-11-14 07:55:39.657356	2025-11-14 13:31:46.21679	f	MBRZOZOWSKI
2069	PKUNA	1	4	2025-11-14 12:49:17.280456	2025-11-14 13:32:34.212044	f	PKUNA
2027	BJONCZYK	7	32	2025-11-14 07:05:07.938181	2025-11-14 13:33:36.552207	f	BJONCZYK
2076	MBRZOZOWSKI	8	33	2025-11-14 13:31:46.21679	2025-11-14 13:39:56.875212	f	MBRZOZOWSKI
2079	MBRZOZOWSKI	7	32	2025-11-14 13:39:56.875212	\N	t	MBRZOZOWSKI
2047	ANOWICKA	4	13	2025-11-14 09:06:01.280527	2025-11-14 13:40:53.724028	f	DKARPINSKI
2077	PKUNA	6	23	2025-11-14 13:32:34.212044	2025-11-14 13:46:19.413644	f	PKUNA
2078	BJONCZYK	8	33	2025-11-14 13:33:36.552207	2025-11-14 13:55:03.311116	f	BJONCZYK
2071	HNIEPSUJ	6	26	2025-11-14 12:52:53.805602	2025-11-14 13:56:11.554162	f	TNITKA
2018	NKIELBIK	4	11	2025-11-14 06:08:18.853372	2025-11-14 13:56:23.144571	f	MAGAZYNIER19
2080	ANOWICKA	8	33	2025-11-14 13:40:53.724028	2025-11-14 13:59:06.568891	f	DKARPINSKI
2081	PKUNA	1	1	2025-11-14 13:46:19.413644	2025-11-14 14:00:31.346176	f	PKUNA
2075	MBAROCHA	4	11	2025-11-14 13:27:23.076762	2025-11-14 14:17:48.097639	f	MBAROCHA
2061	MDYLEWSKI	4	11	2025-11-14 12:02:53.530322	2025-11-14 14:53:19.440432	f	MDYLEWSKI
2043	AMOSZKOWICZ	3	10	2025-11-14 08:54:23.752796	2025-11-14 14:55:03.595803	f	MAGAZYNIER15
2082	BJONCZYK	7	32	2025-11-14 13:55:03.311116	\N	t	BJONCZYK
2083	ANOWICKA	4	13	2025-11-14 13:59:06.568891	\N	t	DKARPINSKI
2084	PKUNA	8	33	2025-11-14 14:00:31.346176	2025-11-14 14:33:46.601016	f	PKUNA
2085	PKUNA	6	23	2025-11-14 14:33:46.601016	\N	t	PKUNA
2041	DMARCZAK	2	7	2025-11-14 08:50:37.668528	2025-11-14 14:36:22.751998	f	MAGAZYNIER17
2086	DMARCZAK	6	23	2025-11-14 14:36:22.751998	\N	t	MAGAZYNIER17
\.


--
-- Data for Name: tracking_archive; Type: TABLE DATA; Schema: public; Owner: postgres
--

COPY public.tracking_archive (id, user_id, category_id, subcategory_id, start_time, end_time, active) FROM stdin;
5	PKUNA	2	6	2025-05-21 06:57:41.613149	2025-05-21 07:05:59.922534	f
7	JMOTYLSKA	3	11	2025-05-21 07:05:26.322817	2025-05-21 07:36:42.958007	f
8	PKUNA	5	16	2025-05-21 07:05:59.922534	2025-05-21 07:37:00.468452	f
9	MSTAWIANY	2	6	2025-05-21 07:11:33.970107	2025-05-21 08:01:08.022003	f
10	MSTAWIANY	2	6	2025-05-21 08:01:08.022003	2025-05-21 08:01:20.472126	f
11	MSTAWIANY	3	11	2025-05-21 08:01:20.472126	2025-05-21 08:01:35.647138	f
6	KZIECIK	4	13	2025-05-21 07:04:22.1759	2025-05-21 08:04:19.668358	f
12	MSTAWIANY	2	6	2025-05-21 09:13:08.397188	\N	t
13	PKUNA	2	6	2025-05-21 09:22:23.243978	2025-05-21 09:27:03.63797	f
\.


--
-- Data for Name: users; Type: TABLE DATA; Schema: public; Owner: postgres
--

COPY public.users (id, name, surname) FROM stdin;
PAK001	Anna	Nowak
PAK002	Jan	Kowalski
PAK003	Maria	Wiśniewska
JMOTYLSKA	Justyna	Motylska
ANOWICKA	Anita	Nowicka
PKUNA	Piotr	Kuna
KZIECIK	Klaudia	Zięcik
MSTAWIANY	Michał	Stawiany
ABANDOS	Artur	Bandos
MBAROCHA	Małgorzata	Barocha
MDYLEWSKI	Mateusz	Dylewski
MGAJ	Mateusz	Gaj
DKARPINSKI	Dawid	Karpiński
NKIELBIK	Natalia	Kiełbik
ZKOCIOLEK	Żaneta	Kociołek
DMARCZAK	Daniel	Marczak
MMARTYNENKO	Melyzaveta	Martynenko
JMLYNARCZYK	Jolanta	Młynarczyk
AMOSZKOWICZ	Anna	Moszkowicz
HNIEPSUJ	Hubert	Niepsuj
NPABIAN	Natalia	Pabian
PWIERZBICKI	Patryk	Wierzbicki
DZDYP	Dominik	Zdyp
NZIECIK	Natalia	Zięcik
FDRZAZGA	Filip	Drzazga
KDRZAZGA	Kacper	Drzazga
SSTELMASZCZYK	Stanisław	Stelmaszczyk
DZIMON	Dominik	Zimoń
MWIERZBICKI	Mateusz	Wierzbicki
MBRZOZOWSKI	Marcin	Brzozowski
LFRANCZAK	Łukasz	Franczak
BJONCZYK	Bartosz	Jończyk
KWOZNIAK	Krzysztof	Woźniak
WKUNA	Wiktoria	Kuna
DZDYB	Dominik	Zdyb
PPANASIUK	Patrycja	Panasiuk
SZKOLENIE1	SZKOLENIE1	SZKOLENIE1
SZKOLENIE2	SZKOLENIE2	SZKOLENIE2
SZKOLENIE3	SZKOLENIE3	SZKOLENIE3
TNITKA	Tomasz	Nitka
PPESZKA	Skaner	Uniwersalny
TZAJAC	Tomasz	Zając
AKIELBIK	Alicja	Kiełbik
JKLUKOWSKI	Jan	Klukowski
\.


--
-- Name: categories_id_seq; Type: SEQUENCE SET; Schema: public; Owner: postgres
--

SELECT pg_catalog.setval('public.categories_id_seq', 11, true);


--
-- Name: subcategories_id_seq; Type: SEQUENCE SET; Schema: public; Owner: postgres
--

SELECT pg_catalog.setval('public.subcategories_id_seq', 43, true);


--
-- Name: tracking_id_seq; Type: SEQUENCE SET; Schema: public; Owner: postgres
--

SELECT pg_catalog.setval('public.tracking_id_seq', 2086, true);


--
-- Name: categories categories_pkey; Type: CONSTRAINT; Schema: public; Owner: postgres
--

ALTER TABLE ONLY public.categories
    ADD CONSTRAINT categories_pkey PRIMARY KEY (id);


--
-- Name: subcategories subcategories_pkey; Type: CONSTRAINT; Schema: public; Owner: postgres
--

ALTER TABLE ONLY public.subcategories
    ADD CONSTRAINT subcategories_pkey PRIMARY KEY (id);


--
-- Name: tracking tracking_pkey; Type: CONSTRAINT; Schema: public; Owner: postgres
--

ALTER TABLE ONLY public.tracking
    ADD CONSTRAINT tracking_pkey PRIMARY KEY (id);


--
-- Name: users users_pkey; Type: CONSTRAINT; Schema: public; Owner: postgres
--

ALTER TABLE ONLY public.users
    ADD CONSTRAINT users_pkey PRIMARY KEY (id);


--
-- Name: subcategories subcategories_category_id_fkey; Type: FK CONSTRAINT; Schema: public; Owner: postgres
--

ALTER TABLE ONLY public.subcategories
    ADD CONSTRAINT subcategories_category_id_fkey FOREIGN KEY (category_id) REFERENCES public.categories(id);


--
-- Name: tracking tracking_category_id_fkey; Type: FK CONSTRAINT; Schema: public; Owner: postgres
--

ALTER TABLE ONLY public.tracking
    ADD CONSTRAINT tracking_category_id_fkey FOREIGN KEY (category_id) REFERENCES public.categories(id);


--
-- Name: tracking tracking_subcategory_id_fkey; Type: FK CONSTRAINT; Schema: public; Owner: postgres
--

ALTER TABLE ONLY public.tracking
    ADD CONSTRAINT tracking_subcategory_id_fkey FOREIGN KEY (subcategory_id) REFERENCES public.subcategories(id);


--
-- Name: tracking tracking_user_id_fkey; Type: FK CONSTRAINT; Schema: public; Owner: postgres
--

ALTER TABLE ONLY public.tracking
    ADD CONSTRAINT tracking_user_id_fkey FOREIGN KEY (user_id) REFERENCES public.users(id);


--
-- PostgreSQL database dump complete
--

